"0","[Kim Seong-kon] Be lost in Pastland or prosper in Tomorrowland?","unknown","THE KOREA HERALD","no-vol","no-issue","July","no-pg"
"1","[Herald Interview] â€˜The hands that raised candles should now hold booksâ€™","unknown","THE KOREA HERALD","no-vol","no-issue","September","no-pg"
"2","[Kim Seong-kon] How would young people know?","unknown","THE KOREA HERALD","no-vol","no-issue","December","no-pg"
"3","Committee on Shin Kori reactors launched","unknown","Korea Times","no-vol","no-issue","July","no-pg"
"4","Booyoung begins housing venture in Vietnam","unknown","Korea Times","no-vol","no-issue","June","no-pg"
"5","273 gov't-invited foreign students earn degrees","unknown","Korea Times","no-vol","no-issue","February","no-pg"
"6","Professor under fire for remarks on Lolita, Shotaro complex","unknown","THE KOREA HERALD","no-vol","no-issue","November","no-pg"
"7","23% of PhD holders are jobless -","unknown","Korea Times","no-vol","no-issue","November","no-pg"
"8","Daewon Girls' High School boosts English education","unknown","Korea Times","no-vol","no-issue","April","no-pg"
"9","Kookmin University strives to make itself international -","unknown","Korea Times","no-vol","no-issue","November","no-pg"
"10","Mexico hosts first study-in-Korea fair","unknown","Korea Times","no-vol","no-issue","September","no-pg"
"11","Indian Islamic school to introduce Korean language course","unknown","Korea Times","no-vol","no-issue","August","no-pg"
"12","[Paul W. Kahn] The president?s dangerous endgame","unknown","THE KOREA HERALD","no-vol","no-issue","July","no-pg"
"13","George Washington University to promote Korean culture","unknown","Korea Times","no-vol","no-issue","January","no-pg"
"14","80% of Vietnamese think Koreans have positive impact","unknown","Korea Times","no-vol","no-issue","December","no-pg"
"15","Koreans worried 4th industrial revolution will threaten jobs -","unknown","Korea Times","no-vol","no-issue","April","no-pg"
"16","[AIIB] Tipping point for sustainable infrastructure","unknown","Korea Times","no-vol","no-issue","June","no-pg"
"17","[Weekender] MOOC gains ground despite low completion rate","unknown","THE KOREA HERALD","no-vol","no-issue","March","no-pg"
"18","Iconic Jongno Books returns amid authenticity issue -","unknown","Korea Times","no-vol","no-issue","February","no-pg"
"19","Kyobo chairman wins top French medal","unknown","Korea Times","no-vol","no-issue","November","no-pg"
"20","Wild boars storm university","unknown","Korea Times","no-vol","no-issue","October","no-pg"
"21","Moon urged to shun interventionism","unknown","Korea Times","no-vol","no-issue","May","no-pg"
"22","Harnessing hope of social science","unknown","Korea Times","no-vol","no-issue","February","no-pg"
"23","[ED] Consensus on reactors '","unknown","Korea Times","no-vol","no-issue","July","no-pg"
"24","Tipping point for sustainable infrastructure","unknown","Korea Times","no-vol","no-issue","June","no-pg"
"25","SK Innovation donates  $50,000 to Rice University in US","unknown","THE KOREA HERALD","no-vol","no-issue","October","no-pg"
"26","[ED] POSCO example '","unknown","Korea Times","no-vol","no-issue","August","no-pg"
"27","[Kim Seong-kon] Certain endings and new beginnings","unknown","THE KOREA HERALD","no-vol","no-issue","July","no-pg"
"28","SK Innovation beefs up Korea-US ties in Houston","unknown","Korea Times","no-vol","no-issue","October","no-pg"
"29","Boosting cooperation with Korean universities","unknown","Korea Times","no-vol","no-issue","February","no-pg"
"30","[Kim Seong-kon] What to do with Korea?s future","unknown","THE KOREA HERALD","no-vol","no-issue","July","no-pg"
"31","Artists, activists to promote peace in Cheongju","unknown","Korea Times","no-vol","no-issue","November","no-pg"
"32","Kookmin University strives to make itself international -","unknown","Korea Times","no-vol","no-issue","November","no-pg"
"33","23% of PhD holders are jobless -","unknown","Korea Times","no-vol","no-issue","November","no-pg"
"34","[Kim Seong-kon] A street band named desire","unknown","THE KOREA HERALD","no-vol","no-issue","December","no-pg"
"35","Korean nuclear policy stuck in limbo","unknown","Korea Times","no-vol","no-issue","August","no-pg"
"36","Artists, activists to promote peace in Cheongju","unknown","Korea Times","no-vol","no-issue","November","no-pg"
"37","[Kim Seong-kon] Be lost in Pastland or prosper in Tomorrowland?","unknown","THE KOREA HERALD","no-vol","no-issue","July","no-pg"
"38","'Human touch key factor in translation, interpretation'","unknown","Korea Times","no-vol","no-issue","February","no-pg"
"39","[Kim Seong-kon] Certain endings and new beginnings","unknown","THE KOREA HERALD","no-vol","no-issue","July","no-pg"
"40","KOTESOL to host conference","unknown","Korea Times","no-vol","no-issue","March","no-pg"
"41","72 countries to host TOPIK Korean proficiency test in 2018 -","unknown","Korea Times","no-vol","no-issue","November","no-pg"
"42","[News Focus] Panel on Shin-Kori reactor fate under fire","unknown","THE KOREA HERALD","no-vol","no-issue","July","no-pg"
"43","Symposium celebrates whatâ€™s gained in translation of literature","unknown","THE KOREA HERALD","no-vol","no-issue","January","no-pg"
"44","Spy agency allegedly involved in making blacklist","unknown","Korea Times","no-vol","no-issue","January","no-pg"
"45","[INTERVIEW] Park Ji-sung said trust is the most important for national football team","unknown","Korea Times","no-vol","no-issue","August","no-pg"
"46","Korea's most senior poet Kim Jong-gil dies at 91 '","unknown","Korea Times","no-vol","no-issue","April","no-pg"
"47","'Dictionary of Useless General Knowledge' breaks adultism of middle-age","unknown","Korea Times","no-vol","no-issue","November","no-pg"
"48","Educational entertainment shows receiving rave reviews","unknown","Korea Times","no-vol","no-issue","January","no-pg"
"49","'Moon should not to create public jobs with taxes' '","unknown","Korea Times","no-vol","no-issue","May","no-pg"
"50","[Kim Seong-kon] What to do with Korea?s future","unknown","THE KOREA HERALD","no-vol","no-issue","July","no-pg"
"51","Students especially good with English","unknown","Korea Times","no-vol","no-issue","April","no-pg"
